imie;nazwisko;ulica;numer;kod;miejscowosc;telefon;email;data_ur
Jan;Kowalski;Nowa;1;11-234;Budry;123-123-456;jan@go.xxx;1980.05.13
Jerzy;Nowak;Konopnicka;13;00-900;Lichowice;(55)333-44-55;jer@wu.to;1990.03.23
Janusz;Kowalczyk;Droga;123;11-234;Budry;125-125-125;janusz@wp.pl;1970.02.21
Adam;Nowaczyk;Kryta;121;10-101;Finalyny;555-666-777;am@wp.pl;1943.12.12
Anna;Aczyk;Silna;121;11-234;Budry;124-124-124;anna@o2.pl;1993.03.11
Dominika;Nowak;Jesienna;125;80-000;Gdynia;777-777-777;domi@go.xxx;1994.01.03
Janina;Hendra;Jeziorna;45;83-212;Szymbark;655-254-134;janka_hendra@wp.pl;1993.02.24
Jerzy;Nowacki;Tytusowa;69;69-696;Baldasz;465-221-246;n.cki@wp.pl;1992.01.24
Jan;Adam;Stara;123;22-324;Sierpc;567-567-567;jadam@wp.pl;1993.01.23
Stefan;Kosma;Piegowata;352;98-231;Szczyrk;(12)241-14-31;skosma@wp.pl;1996.02.12
